Expected Information,Response,Links (if required),,,,,,,,,,,,,,,,,,,,,,,
Privacy Policy,,,,,,,,,,,,,,,,,,,,,,,,,
Terms and Conditions,,,,,,,,,,,,,,,,,,,,,,,,,
Cancellation and Refund Policy,,,,,,,,,,,,,,,,,,,,,,,,,
Community Guidelines if the Community Wall is enabled,,,,,,,,,,,,,,,,,,,,,,,,,
"Accessibility Statement:
",,,,,,,,,,,,,,,,,,,,,,,,,
Crisis disclaimer and emergency contact guidance,,,,,,,,,,,,,,,,,,,,,,,,,
"Cookie, analytics, and marketing consent requirements",,,,,,,,,,,,,,,,,,,,,,,,,
"Confirm the qualified person who will review clinical, therapeutic, crisis, and safety-related website content:
Name and role:",,,,,,,,,,,,,,,,,,,,,,,,,
