Expected Information,Response,what they see after/during,Developer Information,,,,,,,,,,,,,,,,,,,,
Doodle ,"Sometimes there aren't words for it yet. Draw it instead, no talent required.

Reflective line (revealed after they mark themselves done. Rotating through a small pool at random, rather than always the same one)

That's yours. It didn't need to make sense to be real.
You just gave shape to something that didn't have a name yet. 
Whatever came out, it counted and it matters
You don't have to explain it. It's already said",,"A freehand drawing canvas (mouse, touch, and stylus support)
Minimal toolkit: pen, small colour palette, eraser, undo, clear
A ""Done"" button that triggers the reveal of one reflective line (random from the pool above)
Option to clear and draw again after the reveal
Privacy call to make: Is it possible to downlaod without login? ",,,,,,,,,,,,,,,,,,,,
Which Part Showed up Today?,"Which part showed up with you today? Click on whoever's here.

People-Pleasing part 
Overthinking part
Anxious part
Depressive part
Numbing part
Emotional avoidance part
Anger part","People-Pleasing part: This part works hard to keep everyone else comfortable, often before itself. It probably learned somewhere that being easy, agreeable, or needed kept things safe.
Overthinking part: This part replays and rehearses everything that could go wrong. It's trying to keep you prepared, so nothing catches you off guard.
Anxious part: This part sounds the alarm early, sometimes before anything's actually happened. It's trying to protect you from being blindsided.
Depressive part: This part slows everything down. Sometimes that's its way of protecting you from a pain that feels too big to feel all at once.
Numbing part: This part creates distance from a feeling or memory that feels like too much right now. It's not gone but it's just keeping you from being overwhelmed.
Emotional avoidance part: This part changes the subject or gets busy fast. It's protecting you from sitting with something that doesn't feel safe to feel yet.
Anger part: This part shows up loud or sharp. Underneath, it's usually guarding something softer like a hurt, or a boundary that's been crossed.",,,,,,,,,,,,,,,,,,,,,
Sound Corner,"Feeling overwhelmed? Press play and give yourself 30 seconds.
Rain / white noise
Ocean or water sounds
A slow breathing pace track (with or without a voice)
Soft instrumental / ambient
A short grounding cue (e.g. a voice guiding ""name 5 things you can see"")",,,,,,,,,,,,,,,,,,,,,,
Choose Your Companion,Pick a tiny animated waiting-room companion: sleepy cat / overenthusiastic frog / tiny cloud / plant / pigeon with opinions. It hangs around while they wait.,Companion occasionally does something silly.,"Purely decorative, but could become a cute Ankahee signature.",,,,,,,,,,,,,,,,,,,,
Colour Your Mood,A very simple colouring activity. No “what does this colour mean?” nonsense. Just fill in a little illustration while waiting.,At the end: “Looks like you made something.”,Simple colouring canvas with 3–5 illustrations.,,,,,,,,,,,,,,,,,,,,
Tiny Things,A little visual scavenger hunt. “Find something near you that is blue.” “Something with a texture you like.” “Something that has been around longer than you.” “Something you can see from where you're sitting.”,After each one: “There you are. You were already here.” / “Tiny things count too.”,"5–7 randomly generated prompts. Client can tap ✓ when they've found it. No timer, no score.",,,,,,,,,,,,,,,,,,,,
Cloud Watcher,"An animated sky with slowly moving clouds. They can click a cloud and it morphs into a random silly shape: a dinosaur, teapot, cat, elephant, etc.",“Your brain is very good at finding things where there aren't any.”,Purely playful. Could have 10–15 cloud shapes. No psychological interpretation whatsoever.,,,,,,,,,,,,,,,,,,,,
